tax_name,tax_rank,May2014,Jun2014,Oct2014,Jan2015,Feb2015,AprA2015,AprB2015,Jun2015
Bacteria,superkingdom,1000000,1000000,1000000,1000000,1000000,1000000,1000000,1000000
Firmicutes,phylum,622877,463379,584498,718361,679300,822678,695627,684322
Clostridia,class,594430,445055,564954,706626,674937,792663,666761,673988
Clostridiales,order,594169,445055,564866,706215,674232,792414,666681,673880
Bacteroidetes/Chlorobi group,superphylum,255734,299266,274886,164336,149178,99608,137360,219758
Bacteroidetes,phylum,255727,299266,274848,164242,149002,99608,137360,219758
Bacteroidia,class,255537,162842,274696,163190,148517,99368,137115,217323
Bacteroidales,order,255315,162842,274456,162343,148429,99269,136998,216241
Ruminococcaceae,family,247269,181745,170223,302166,387114,335576,348572,406568
Bacteroidaceae,family,148913,89427,217378,130723,109559,58587,83960,156189
Bacteroides,genus,146313,89427,215077,127174,103962,57055,81401,143584
Lachnospiraceae,family,138422,146367,131059,237549,230929,283483,169952,159489
Faecalibacterium,genus,107526,63761,6422,141979,203737,153356,187218,222625
Faecalibacterium prausnitzii,species,99571,62316,5790,95382,136354,106400,165582,194114
Christensenellaceae,family,82585,39713,40290,40977,13530,58660,122801,48637
Porphyromonadaceae,family,76190,60119,35852,22853,30541,26701,31273,43227
Bacteroides plebeius,species,74140,0,160388,69390,1498,24591,27455,35003
Ruminococcus,genus,51511,35956,93512,83827,79062,79702,54014,44741
Odoribacter,genus,41039,33875,8002,11076,8417,7414,2443,18989
Clostridiaceae,family,40355,45552,75320,71041,18157,39213,5051,8710
Coprococcus,genus,39856,33239,35789,54106,25737,53237,22723,14445
Coprococcus sp. DJF_CR49,species,36631,30869,27673,46673,19303,43300,18223,12173
Clostridium,genus,35012,41679,71326,66114,17628,37684,2486,6600
Odoribacter laneus,species,34367,18036,6081,9152,7668,6753,1577,18611
unclassified Bacteria (miscellaneous),no_rank,33469,22313,60112,21220,86334,34232,100686,52153
unclassified Bacteria,no_rank,33469,22313,60112,21322,86334,34252,100698,52153
Chlamydiae/Verrucomicrobia group,superphylum,33049,19654,8875,6808,220,12066,9913,3462
Blautia,genus,32400,23643,38077,44689,85849,71042,19132,28349
Verrucomicrobia,phylum,31351,19654,7699,6637,132,11880,9667,2380
Verrucomicrobiaceae,family,31320,19654,7699,6603,132,11880,9667,2380
Verrucomicrobiae,class,31320,19654,7699,6603,132,11880,9667,2380
Verrucomicrobiales,order,31320,19654,7699,6603,132,11880,9667,2380
Akkermansia,genus,30960,19654,7648,6269,0,11611,9538,2380
Proteobacteria,phylum,29764,156252,3590,9819,75140,16297,38914,21316
Clostridium clostridioforme,species,28902,32372,15170,24128,16747,19816,810,4490
Bacteroides massiliensis,species,28458,13642,17623,14224,17672,14027,15695,55778
Bacteroides uniformis,species,24434,4682,13186,24222,21947,9321,21624,22776
bacterium NLAE-zl-P430,species,20674,14914,38533,14874,79591,19670,86127,37167
Rikenellaceae,family,20631,13296,16890,5149,6434,9763,17002,11686
Alistipes,genus,20259,13296,16700,4559,6258,9348,16505,11686
Barnesiella,genus,17437,11793,8470,4661,2644,5819,11509,8115
Barnesiella intestinihominis,species,14492,9712,7712,4336,2512,5410,10987,7628
Odoribacter laneus YIT 12061,no_rank,13780,2139,265,1009,441,1851,110,7899
Roseburia,genus,13554,11157,7825,42782,10753,7952,49379,24724
Betaproteobacteria,class,13527,9249,392,5431,7316,9817,25454,9738
Burkholderiales,order,13428,7515,392,5200,7228,9760,25239,9359
Parabacteroides,genus,11829,12313,14892,5072,13926,9404,12650,11686
Peptostreptococcaceae,family,11758,17400,10923,24650,485,30071,2529,487
bacterium NLAE-zl-H54,species,11512,7399,14589,4619,5288,7112,8569,13688
Erysipelotrichia,class,11417,809,1138,2207,485,13535,1755,108
Erysipelotrichales,order,11417,809,1138,2207,485,13535,1755,108
Erysipelotrichaceae,family,11394,809,1138,2164,485,13528,1755,108
Anaerostipes,genus,11394,11677,12338,20903,7889,37664,730,7682
Negativicutes,class,10974,15203,6865,4088,1234,7201,9336,1244
Actinobacteria,phylum,10974,8324,65624,76155,7712,10707,3855,11091
Selenomonadales,order,10974,15203,6865,4088,1234,7201,9336,1244
Actinobacteria,class,10966,8324,65624,76155,7712,10707,3855,11091
Anaerostipes hadrus,species,10365,173,5436,2207,132,18490,12,108
Parabacteroides merdae,species,9914,0,8243,2395,1102,6111,7752,7466
Lachnospira,genus,9189,6417,3881,9776,1366,3855,17456,26564
Alistipes onderdonkii,species,9090,1734,7914,2036,4010,4679,5696,5085
Actinobacteridae,subclass,8908,8324,65005,74975,7007,7328,1749,10982
Bifidobacteriales,order,8548,6532,59177,67183,6919,7211,1749,10982
Bifidobacteriaceae,family,8548,6532,59177,67183,6919,7211,1749,10982
Bifidobacterium,genus,8473,6532,58747,66516,6919,7072,49,10550
Bifidobacterium tsurumiense,species,8295,0,0,0,0,0,0,0
unclassified Peptostreptococcaceae,no_rank,7638,17400,7547,21690,88,23219,43,216
unclassified Peptostreptococcaceae (miscellaneous),no_rank,7551,17400,7522,21673,88,23073,43,108
Peptostreptococcaceae bacterium TM5,species,7551,17400,7522,21673,88,23073,43,108
Parasutterella,genus,7488,2428,367,3840,6611,6304,12294,8440
Sutterellaceae,family,7488,2428,367,3986,6611,6344,12392,8440
Parasutterella excrementihominis,species,7353,2428,367,3746,6522,6095,11736,8007
Roseburia sp. 11SE38,species,6906,0,1656,37368,1410,2446,28253,17258
Tenericutes,phylum,6356,2486,430,650,705,1007,6537,5356
Mollicutes,class,6356,2486,430,650,705,1007,6537,2705
Veillonellaceae,family,6348,0,5967,3216,88,3104,4873,812
delta/epsilon subdivisions,subphylum,6075,0,1947,1095,1058,2127,9096,1298
Dialister,genus,6039,0,5600,3190,88,2978,4794,649
Deltaproteobacteria,class,6015,0,1922,1043,925,2127,9096,1298
Synergistetes,phylum,5944,0,695,1112,88,1409,2449,379
Synergistia,class,5944,0,695,1112,88,1409,2449,379
Pseudobutyrivibrio,genus,5944,19770,12515,18038,41338,36535,25270,23372
Synergistaceae,family,5944,0,695,1078,88,1396,2449,379
Synergistales,order,5944,0,695,1112,88,1409,2449,379
Bacilli,class,5916,2312,11441,5286,2644,9159,17720,8764
Oxalobacteraceae,family,5889,0,0,599,529,3350,12712,487
Herbaspirillum,genus,5802,0,0,547,529,3031,11981,487
Lactobacillales,order,5679,2312,11239,4140,1542,8943,17536,5843
Gammaproteobacteria,class,5628,98676,341,2001,57997,2569,2873,4923
Subdoligranulum,genus,5501,5434,329,992,8814,12339,11183,5464
Desulfovibrionales,order,5077,0,1896,830,529,1801,8415,812
Desulfovibrionaceae,family,5070,0,1896,830,529,1801,8415,812
Pseudomonadales,order,4872,65495,25,68,353,20,25,3625
Pseudomonadaceae,family,4864,63934,25,34,264,20,0,3625
Subdoligranulum variabile,species,4650,3757,0,188,264,9295,6973,4815
unclassified Bacteroidales,no_rank,4630,0,3110,1163,308,1914,3971,812
Alphaproteobacteria,class,4519,48326,885,1257,8770,1785,1455,4653
Acidaminococcaceae,family,4492,15203,796,813,1146,4097,3885,433
unclassified Bacteroidales (miscellaneous),no_rank,4452,0,2996,1163,308,1874,3891,812
Bacteroidales bacterium ph8,species,4452,0,2996,1163,308,1874,3891,812
unclassified Clostridiales,no_rank,4417,6012,93664,11658,7712,13841,1553,7141
Butyricimonas,genus,4349,173,4096,1394,5288,3360,3585,3841
Odoribacter splanchnicus,species,4314,15839,1707,274,617,631,792,379
Roseburia inulinivorans,species,4254,6879,3729,2480,3922,2339,8237,5464
Caulobacterales,order,4167,36650,683,522,308,801,847,3300
Caulobacteraceae,family,4159,36650,683,522,308,801,847,3300
Brevundimonas,genus,4151,36650,683,453,308,774,847,3300
unclassified Clostridiales (miscellaneous),no_rank,4151,6012,93550,11589,7360,13728,1191,6979
Streptococcaceae,family,4140,2312,1176,2643,176,1485,313,108
Bilophila,genus,3993,0,1833,633,308,1652,7881,812
Streptococcus,genus,3985,2312,1176,2626,176,1366,295,108
Bilophila wadsworthia,species,3977,0,1833,573,308,1559,7378,812
Pyramidobacter,genus,3922,0,506,727,88,681,1142,162
Sarcina,genus,3851,0,2705,3310,264,957,1952,325
Dorea,genus,3582,6359,4045,7441,6699,10873,2903,974
Phascolarctobacterium,genus,3494,15203,152,393,1146,3190,3155,271
Phascolarctobacterium faecium,species,3487,15203,88,248,1058,2924,3001,108
Blautia faecis,species,2715,0,9292,1599,1631,14060,80,108
Butyricimonas virosa,species,2466,0,2870,667,661,1731,2873,108
Turicibacter,genus,2406,0,442,881,0,425,632,0
Clostridiales bacterium L2-14,species,2268,0,329,5730,88,811,141,0
Dialister sp. oral clone BS095,species,2074,0,0,0,0,0,0,0
environmental samples,no_rank,2074,1619,367,239,220,76,55,216
Coriobacteriales,order,2042,0,544,1146,617,3363,2068,108
Coriobacterineae,suborder,2042,0,544,1146,617,3363,2068,108
Coriobacteridae,subclass,2042,0,544,1146,617,3363,2068,108
Coriobacteriaceae,family,1991,0,544,1129,617,3363,2044,108
Synergistes,genus,1987,0,190,274,0,685,1252,216
Synergistes sp. 3_1_syn1,species,1856,0,190,274,0,572,1154,216
Clostridium sp. MDA2315,species,1725,2370,480,222,0,226,37,0
Victivallales,no_rank,1698,0,1176,86,88,186,246,1082
Lentisphaerae,phylum,1698,0,1176,171,88,186,246,1082
Lentisphaeria,class,1698,0,1176,120,88,186,246,1082
Victivallaceae,family,1670,0,1176,86,88,186,246,974
Anaerotruncus,genus,1532,0,1656,513,749,2104,829,108
Lactobacillaceae,family,1528,0,10038,1454,837,7337,17211,5735
Lactobacillus,genus,1528,0,10038,1437,837,7337,17211,5735
Victivallaceae bacterium NML 080035,species,1520,0,1150,86,88,173,233,974
unclassified Victivallaceae,no_rank,1520,0,1150,86,88,173,233,974
Lactobacillus rogosae,species,1286,0,10012,1437,441,7288,17198,5735
Clostridium baratii,species,1223,0,5588,30543,132,13847,282,162
butyrate-producing bacterium ART55/1,order,1065,0,228,1351,88,1542,638,0
environmental samples,no_rank,1065,1619,367,239,220,76,55,216
Peptococcaceae,family,1029,809,354,436,220,482,896,271
Coprococcus comes,species,938,0,3666,2763,3482,4802,2038,487
Acidaminococcus,genus,815,0,645,376,0,256,368,0
Acidaminococcus fermentans,species,807,0,645,359,0,256,368,0
Desulfovibrio,genus,799,0,0,137,220,50,160,0
environmental samples,no_rank,799,1619,367,239,220,76,55,216
Desulfovibrio sp. oral clone BB161,species,780,0,0,137,220,23,61,0
Ruminococcus faecis,species,772,6301,265,1976,6170,485,1099,0
Bacteroides salyersiae,species,748,0,3628,1959,2953,429,491,2110
Anaerosporobacter,genus,736,2370,569,351,88,103,577,1677
Clostridium sp. AUH-JLC235,species,732,0,392,248,0,150,135,0
Eubacteriaceae,family,637,0,8786,3019,264,5882,4051,2380
Streptococcus thermophilus,species,633,0,948,607,176,100,160,108
Coprococcus catus,species,625,0,4045,325,0,685,129,0
Porphyromonadaceae bacterium AIP925.11,species,625,1965,25,51,0,213,270,0
unclassified Porphyromonadaceae,no_rank,625,1965,25,51,0,213,282,0
Oscillospiraceae,family,609,0,291,145,0,176,485,108
Oscillibacter,genus,590,0,291,111,0,169,485,108
Peptococcus,genus,574,0,101,51,220,169,399,0
Eubacterium,genus,530,0,8761,2976,264,5752,4026,2380
Thermobrachium,genus,499,0,0,0,0,0,0,0
Clostridium sp. ID5,species,491,0,139,351,0,548,31,0
Adlercreutzia equolifaciens,species,475,0,0,163,0,901,264,0
Adlercreutzia,genus,475,0,0,163,0,901,264,0
Eubacterium desmolans,species,463,0,126,43,0,27,387,0
Ruminococcus sp. ID1,species,459,0,0,0,0,326,12,0
Enterobacteriaceae,family,451,0,88,17,54823,419,2719,703
Enterobacteriales,order,451,0,88,17,54823,419,2731,703
Fibrobacteres/Acidobacteria group,superphylum,439,2081,240,556,176,611,491,866
Acidobacteria,phylum,431,2081,240,402,176,409,491,487
Anaerotruncus sp. NML 070203,species,376,0,936,351,749,1010,276,108
iron-reducing bacterium enrichment culture clone FeC_1_A3,species,372,0,38,51,0,43,0,0
Butyricimonas sp. 214-4,species,368,173,164,436,176,435,0,2976
Actinomycetales,order,360,1792,5828,7792,88,116,0,0
rumen bacterium NK4A214,species,348,0,202,265,0,153,117,0
butyrate-producing bacterium PH05YA09,species,348,0,25,43,88,160,276,0
Clostridiales bacterium 60-7e,species,328,0,0,0,0,0,0,0
butyrate-producing bacterium SR1/1,order,305,0,291,180,0,1632,74,108
Tannerella sp. 6_1_58FAA_CT1,species,305,0,0,0,0,140,31,0
Tannerella,genus,305,0,0,0,0,140,31,0
unclassified Acidobacteria,no_rank,301,0,25,0,0,0,55,0
Bacteroides intestinalis,species,297,0,152,308,0,120,209,0
Subdoligranulum sp. 4_3_54A2FAA,species,289,0,303,77,220,279,338,0
Desulfuromonadales,order,277,0,25,0,0,0,0,0
Geobacteraceae,family,277,0,25,0,0,0,0,0
Christensenella,genus,269,0,38,17,0,126,92,0
Hydrogenoanaerobacterium,genus,257,0,329,787,0,169,31,0
Corynebacterineae,suborder,237,1272,5613,5636,0,7,0,0
Bacillales,order,230,0,177,1069,1102,196,184,2921
Allisonella,genus,202,0,51,26,0,43,43,0
Erysipelatoclostridium,genus,194,0,0,0,0,10,0,0
[Clostridium] spiroforme,species,194,0,0,0,0,10,0,0
Collinsella,genus,190,0,430,163,264,921,313,108
Clostridium disporicum,species,182,0,0,43,0,0,147,0
bacterium NLAE-zl-P827,species,182,0,291,445,705,4978,4327,974
Rickettsiales,order,178,0,0,34,0,70,43,0
unclassified Lachnospiraceae,no_rank,178,0,442,821,4231,671,552,108
Lactobacillus casei group,species_group,174,0,0,0,0,27,0,0
Lactobacillus paracasei,species,174,0,0,0,0,27,0,0
Parabacteroides johnsonii CL02T12C29,no_rank,170,0,0,51,0,143,141,0
Butyrivibrio,genus,170,0,51,1702,0,209,80,1136
Ruminococcus lactaris,species,170,2023,0,376,308,2722,3364,3517
Parabacteroides johnsonii,species,170,0,0,86,220,143,141,0
Lachnospiraceae bacterium 1_1_57FAA,species,162,0,405,821,4231,598,522,108
Blautia stercoris,species,162,0,898,736,6611,1622,135,108
Flavonifractor,genus,158,0,76,17,176,47,307,162
Corynebacteriaceae,family,154,0,5613,5636,0,7,0,0
Victivallis,genus,150,0,25,0,0,13,12,0
bacterium enrichment culture clone Ecwsrb035,species,146,0,0,0,0,0,0,0
Alistipes finegoldii,species,142,0,51,214,264,156,1577,1839
butyrate-producing bacterium L1-93,species,142,0,0,0,0,30,55,0
Corynebacterium,genus,142,0,5613,5619,0,7,0,0
Clostridium lavalense,species,139,0,25,0,0,30,74,0
Victivallis vadensis,species,139,0,0,0,0,7,12,0
Pectobacterium carotovorum,species,135,0,0,0,13750,10,55,0
Pectobacterium,genus,135,0,0,0,13750,10,55,0
Anaplasmataceae,family,135,0,0,0,0,70,43,0
unclassified Deltaproteobacteria,no_rank,127,0,0,0,0,249,620,0
unclassified Deltaproteobacteria (miscellaneous),no_rank,127,0,0,0,0,173,620,0
Lactococcus,genus,123,0,0,0,0,120,18,0
Lactococcus lactis,species,123,0,0,0,0,120,18,0
unclassified Ehrlichia,no_rank,119,0,0,0,0,60,12,0
Ehrlichia,genus,119,0,0,0,0,60,12,0
Enterobacter,genus,115,0,0,0,970,0,18,0
Enterobacter cloacae,species,115,0,0,0,705,0,18,0
Flavonifractor plautii,species,115,0,25,17,176,30,282,162
Syntrophomonadaceae,family,115,0,0,17,0,23,25,0
Enterobacter cloacae complex,species_group,115,0,0,0,705,0,18,0
Pseudoflavonifractor capillosus,species,107,0,38,34,0,56,55,0
Pseudoflavonifractor,genus,107,0,38,34,0,56,55,0
Clostridium sp. 619,species,107,2312,51,17,0,110,18,0
Cronobacter,genus,99,0,51,17,35917,399,2584,703
Holdemania,genus,99,0,0,0,0,33,86,0
Cronobacter sakazakii,species,99,0,51,17,35917,399,2584,703
Gordonibacter,genus,95,0,0,68,0,256,117,0
Sphingobacteriia,class,95,11041,38,34,176,83,31,0
Chloroflexi,phylum,95,0,88,86,88,37,43,0
Gordonibacter pamelaeae,species,95,0,0,68,0,256,117,0
environmental samples,no_rank,91,1619,367,239,220,76,55,216
Clostridium leptum,species,91,0,51,0,0,153,203,0
Oxalobacter,genus,87,0,0,0,0,319,718,0
Rhodospirillaceae,family,87,5954,0,325,7756,312,522,1136
Oxalobacter formigenes,species,87,0,0,0,0,319,718,0
Rhodospirillales,order,87,5954,25,325,7889,319,534,1136
Prevotellaceae,family,87,0,632,419,220,80,12,2489
Pantoea endophytica,species,87,0,0,0,0,0,0,0
Dehalococcoidia,class,87,0,88,26,0,0,0,0
Pantoea,genus,87,0,0,0,264,0,0,0
Nocardia,genus,83,0,0,0,0,0,0,0
Peptoclostridium difficile,species,83,0,101,0,0,53,0,0
Peptoclostridium,genus,83,0,101,0,0,53,0,0
Bacteroides rodentium,species,83,0,51,34,132,86,80,162
Nocardiaceae,family,83,1272,0,0,0,0,0,0
Peptoclostridium difficile M120,no_rank,83,0,101,0,0,43,0,0
Prevotella,genus,79,0,632,334,220,0,0,0
[Ruminococcus] obeum,species,79,0,9317,8100,48918,10558,3609,5572
Micrococcineae,suborder,79,0,76,1873,0,20,0,0
Sphingobacteriales,order,79,11041,38,34,0,83,31,0
Pedobacter,genus,79,0,0,17,0,0,0,0
Sphingobacteriaceae,family,79,11041,0,17,0,0,0,0
Nitrospira,class,75,0,0,60,0,0,0,0
Nitrospirae,phylum,75,0,0,60,0,0,0,0
Acidobacteriia,class,75,2081,215,214,176,395,405,271
Nitrospirales,order,75,0,0,60,0,0,0,0
Nitrospiraceae,family,75,0,0,26,0,0,0,0
Thermoanaerobacterales,order,71,0,38,34,0,17,31,0
Clostridiales incertae sedis,no_rank,67,0,265,411,0,27,0,325
Corynebacterium freneyi,species,67,0,4007,334,0,0,0,0
unclassified Erysipelotrichaceae,no_rank,67,0,0,0,0,53,0,0
[Streptococcus] pleomorphus,species,67,0,0,0,0,53,0,0
Holdemania filiformis,species,63,0,0,0,0,20,31,0
Listeria,genus,59,0,0,26,0,0,0,0
Papillibacter,genus,59,0,0,17,0,13,0,0
Listeria monocytogenes serotype 4b str. CLIP 80459,no_rank,59,0,0,0,0,0,0,0
Listeria monocytogenes,species,59,0,0,0,0,0,0,0
Listeriaceae,family,59,0,0,26,0,0,0,0
Clostridium clariflavum DSM 19732,no_rank,59,0,0,17,0,0,0,0
Clostridium clariflavum,species,59,0,0,17,0,0,0,0
Myxococcales,order,55,0,0,17,0,7,0,0
Sorangiineae,suborder,55,0,0,17,0,7,0,0
OM182 clade,no_rank,55,0,0,34,0,76,0,0
Pasteurellaceae,family,55,0,0,0,0,0,12,0
Pasteurellales,order,55,0,0,0,0,0,12,0
OMG group,no_rank,55,0,0,34,0,76,0,0
unclassified Gammaproteobacteria,no_rank,55,33181,0,128,0,90,12,0
Paenibacillus,genus,51,0,0,111,0,0,0,2759
Bifidobacterium animalis,species,51,0,37534,51112,4716,6467,12,10009
Paenibacillaceae,family,51,0,0,128,0,10,37,2759
Enterorhabdus,genus,51,0,0,0,0,56,0,0
Micrococcaceae,family,47,0,0,1274,0,7,0,0
Denitrobacterium,genus,47,0,0,34,0,226,0,0
Veillonella,genus,47,0,0,0,0,7,25,0
Desulfobacterales,order,47,0,0,34,176,10,18,108
Desulfovirgula,genus,47,0,0,0,0,7,18,0
Anaerofilum,genus,47,0,0,26,0,50,104,0
Thermoanaerobacteraceae,family,47,0,38,34,0,17,18,0
Barnesiella intestinihominis YIT 11860,no_rank,44,0,25,86,0,13,0,108
bacterium NLAE-zl-G423,species,44,0,0,0,0,33,153,0
Acidaminococcus fermentans DSM 20731,no_rank,44,0,25,17,0,23,49,0
Arthrobacter,genus,40,0,0,1257,0,0,0,0
Bacillaceae,family,40,0,51,727,88,50,98,0
Haemophilus,genus,40,0,0,0,0,0,12,0
Prevotella buccalis,species,40,0,240,60,0,0,0,0
Clostridium sp. YIT 12069,species,36,0,0,17,0,50,0,0
Spirochaetales,order,36,0,544,86,88,1007,3959,0
Herbaspirillum sp. TSA30,species,36,0,0,0,0,0,0,0
Catenibacterium,genus,36,0,177,0,0,189,104,0
Clostridium sp. CM-C52,species,36,0,0,0,0,13,0,0
Spirochaetia,class,36,0,544,86,88,1014,3959,0
Spirochaetes,phylum,36,0,544,86,88,1014,3959,0
Planctomycetes,phylum,36,0,0,0,0,7,0,0
Clostridium sp.,species,36,0,25,0,0,53,86,0
unclassified Clostridia (miscellaneous),no_rank,32,0,0,0,0,0,0,0
Rhizobiales,order,32,5723,0,86,0,548,12,0
Bacillus,genus,32,0,51,727,0,27,25,0
unclassified Clostridia,no_rank,32,0,0,0,0,0,0,0
Hyphomicrobiaceae,family,32,1792,0,0,0,133,0,0
Cytophagaceae,family,32,0,76,94,0,27,25,108
Bifidobacterium longum,species,32,0,1858,9571,2115,452,0,325
Cytophagia,class,32,0,76,180,0,33,49,108
Xanthomonadales,order,32,0,0,120,0,33,0,108
Akkermansia muciniphila,species,32,0,0,0,0,53,0,0
Cytophagales,order,32,0,76,180,0,33,49,108
Arthrobacter crystallopoietes BAB-32,no_rank,32,0,0,0,0,0,0,0
Cellulosilyticum,genus,32,0,0,205,132,7,0,0
Arthrobacter crystallopoietes,species,32,0,0,0,0,0,0,0
Eubacterium hallii,species,32,0,88,171,0,90,12,162
Ruminococcus sp. 14531,species,32,0,0,17,0,13,0,0
Blautia sp. YHC-4,species,28,0,0,0,0,0,12,0
Clostridiales bacterium CIEAF 022,species,28,0,0,0,0,20,117,0
Corynebacterium mucifaciens,species,28,0,316,60,0,0,0,0
Methylophilales,order,28,0,0,0,0,0,0,0
unclassified Methylophilales,no_rank,28,0,0,0,0,0,0,0
Alistipes indistinctus,species,28,0,101,17,0,73,92,0
Clostridiales Family XI. Incertae Sedis,family,28,0,265,411,0,13,0,0
OM43 clade,no_rank,28,0,0,0,0,0,0,0
Anaerotruncus colihominis,species,28,0,0,17,0,66,0,0
Oribacterium,genus,28,0,0,17,0,33,12,0
Chromatiaceae,family,28,0,51,77,0,20,25,108
Chromatiales,order,28,0,51,547,88,73,25,108
Bacillales Family XI. Incertae Sedis,no_rank,28,0,0,34,0,17,0,162
Oscillospira,genus,28,0,0,0,0,0,18,0
Bacillales incertae sedis,no_rank,28,0,0,34,0,17,0,162
Bifidobacterium thermacidophilum,species,28,0,0,0,88,0,0,0
Clostridium chauvoei,species,28,0,0,17,0,153,288,0
Defluviitalea,no_rank,24,0,0,77,88,199,2013,0
Gardnerella,genus,24,0,76,214,0,63,1688,216
Opitutae,class,24,0,0,34,0,0,0,0
Staphylococcaceae,family,24,0,126,34,0,63,25,0
Defluviitaleaceae,family,24,0,0,77,88,199,2013,0
Bacteroides caccae,species,24,0,1795,60,88,20,18,162
Alcanivoracaceae,family,24,0,25,0,0,7,0,0
Oceanospirillales,order,24,0,126,34,132,7,0,0
Clostridiales Family XII. Incertae Sedis,family,24,0,0,0,0,0,0,325
Veillonella sp. oral clone VeillD5,species,24,0,0,0,0,0,0,0
Thalassospira,genus,24,3064,0,299,7580,236,503,1136
Eggerthella,genus,24,0,0,0,0,263,12,0
Robinsoniella,genus,24,0,0,0,0,7,0,0
Comamonadaceae,family,24,0,0,428,0,13,31,162
Eggerthella lenta,species,24,0,0,0,0,263,12,0
Clostridium sp. NML 04A032,species,24,1503,0,137,0,7,0,0
Xanthomonadaceae,family,24,0,0,17,0,7,0,108
environmental samples,no_rank,24,1619,367,239,220,76,55,216
Bifidobacterium breve,species,20,0,0,26,0,0,0,0
unclassified Peptococcaceae,no_rank,20,0,0,0,0,0,12,0
Gemella haemolysans,species,20,0,0,0,0,0,0,0
bacterium NLAE-zl-P562,species,20,0,25,0,0,0,31,0
Clostridium sp. YIT 12070,species,20,0,0,0,0,10,0,0
Corynebacterium tuberculostearicum,species,20,0,0,0,0,0,0,0
Megasphaera,genus,20,0,25,0,0,20,0,0
Amycolatopsis,genus,20,0,0,0,0,0,0,0
Desulfovibrio sp. enrichment culture clone Jdgsrb034,species,20,0,0,0,0,0,0,0
Eubacterium sp. 3_1_31,species,20,0,0,0,0,50,0,0
Pseudonocardiaceae,family,20,0,0,0,0,0,0,0
Gemella,genus,20,0,0,0,0,17,0,0
Marvinbryantia,genus,20,0,51,479,0,1110,160,216
Rhodocyclales,order,20,0,0,26,0,0,0,162
Pseudonocardineae,suborder,20,0,0,0,0,0,0,0
Rhodocyclaceae,family,20,0,0,26,0,0,0,162
Clostridiales Family XIII. Incertae Sedis,family,16,0,0,0,0,13,0,0
unclassified Burkholderiales,no_rank,16,0,0,17,0,13,0,162
Mogibacterium,genus,16,0,0,0,0,0,0,0
Legionellales,order,16,0,0,137,264,1728,0,162
Desulfobacteraceae,family,16,0,0,17,88,0,0,0
Serratia,genus,16,0,0,0,1190,0,0,0
Cardiobacteriales,order,16,0,0,17,0,7,0,0
Lachnospiraceae bacterium 19gly4,species,16,0,0,0,0,7,12,0
Burkholderiales Genera incertae sedis,no_rank,16,0,0,17,0,13,0,162
Staphylococcus,genus,16,0,0,17,0,0,12,0
Anaplasma marginale,species,16,0,0,0,0,10,31,0
Anaplasma,genus,16,0,0,0,0,10,31,0
Actinomycineae,suborder,16,520,139,77,0,90,0,0
Anaplasma marginale str. St. Maries,no_rank,16,0,0,0,0,10,31,0
Actinomycetaceae,family,16,520,139,77,0,90,0,0
Actinomyces,genus,16,520,0,0,0,90,0,0
Lactobacillus rhamnosus,species,16,0,0,0,0,0,0,0
Rhodobacterales,order,16,0,0,0,485,20,18,108
Ruminococcus sp. JC304,species,16,0,25,0,0,116,0,0
bacterium NLAE-zl-H12,species,16,0,0,0,0,7,0,0
Brevibacterium,genus,12,0,0,205,0,0,0,0
Corynebacterium sp. NML00-0156,species,12,0,1075,291,0,0,0,0
Parvibacter,genus,12,0,0,68,0,0,0,0
Methylococcales,order,12,0,51,17,0,66,0,0
Bifidobacterium saeculare,species,12,0,0,26,0,0,0,0
Solobacterium,genus,12,0,0,0,0,0,0,0
unclassified Methylococcaceae,no_rank,12,0,0,0,0,0,0,0
Solobacterium moorei,species,12,0,0,0,0,0,0,0
Turicibacter sanguinis,species,12,0,25,197,0,13,0,0
Butyricimonas sp. GD2,species,12,0,25,0,0,0,0,0
Streptococcus rubneri,species,12,0,0,111,0,80,31,0
Methylococcaceae,family,12,0,0,17,0,66,0,0
Brevibacteriaceae,family,12,0,0,205,0,0,0,0
Trichococcus,genus,12,0,0,0,0,0,0,0
Carnobacteriaceae,family,12,0,0,0,0,7,12,0
Bacteroides fluxus,species,12,0,0,0,0,47,0,0
Coriobacteriaceae bacterium GD5,species,12,0,0,17,0,0,0,0
Azoarcus,genus,12,0,0,0,0,0,0,0
Burkholderiaceae,family,12,1098,25,26,88,33,92,108
Candidatus Midichloriaceae,family,12,0,0,34,0,0,0,0
unclassified Coriobacteriaceae,no_rank,12,0,0,51,0,0,0,0
bacterium NLAE-zl-G256,species,12,0,0,0,0,37,12,0
Pseudoclavibacter sp. Timone,species,8,0,76,376,0,0,0,0
Bacteroides fragilis,species,8,0,0,0,397,0,0,0
Bacteroides fragilis NCTC 9343,no_rank,8,0,0,0,0,0,0,0
Bacteroides plebeius DSM 17135,no_rank,8,0,0,0,0,0,0,0
Clostridium asparagiforme,species,8,0,0,0,0,7,0,0
Thiotrichales,order,8,0,0,43,485,37,12,0
Thiotrichaceae,family,8,0,0,0,88,0,12,0
Caldicoprobacteraceae,family,8,0,0,0,0,0,0,0
Clostridium asparagiforme DSM 15981,no_rank,8,0,0,0,0,7,0,0
environmental samples,no_rank,8,1619,367,239,220,76,55,216
Bacteroides helcogenes P 36-108,no_rank,8,0,0,34,0,0,0,108
Bacteroides helcogenes,species,8,0,0,34,0,0,0,108
Candidatus Isobeggiatoa,genus,8,0,0,0,0,0,0,0
Porphyromonas sp. oral clone BS045,species,8,0,0,0,0,0,0,0
Porphyromonas,genus,8,0,76,17,0,0,0,0
Legionellaceae,family,8,0,0,17,0,0,0,0
unclassified Sphingobacteriia,no_rank,8,0,0,0,0,0,0,0
Clostridium sp. M62/1,species,8,0,0,0,0,17,0,0
Macrococcus,genus,8,0,0,0,0,0,0,0
bacterium mpn-isolate group 25,species,8,0,0,26,0,0,0,0
Actinobacillus porcinus,species,8,0,0,0,0,0,0,0
Pseudoclavibacter,genus,8,0,76,376,0,0,0,0
Actinobacillus,genus,8,0,0,0,0,0,0,0
Enorma massiliensis phI,no_rank,8,0,0,530,0,110,0,0
Enorma massiliensis,species,8,0,0,530,0,110,0,0
Enorma,genus,8,0,0,530,0,110,0,0
Microbacteriaceae,family,8,0,76,393,0,0,0,0
Desulfotomaculum,genus,8,0,0,0,0,10,0,108
Serratia marcescens,species,8,0,0,0,264,0,0,0
Desulfotomaculum carboxydivorans,species,8,0,0,0,0,0,0,0
Desulfotomaculum carboxydivorans CO-1-SRB,no_rank,8,0,0,0,0,0,0,0
Chlorobia,class,8,0,0,26,0,0,0,0
Chlorobi,phylum,8,0,0,26,0,0,0,0
Desulfomicrobiaceae,family,8,0,0,0,0,0,0,0
Bifidobacterium stellenboschense,species,8,0,0,0,0,0,0,0
Peptostreptococcus,genus,8,0,0,0,0,0,0,0
Johnsonella,genus,8,0,0,0,0,7,12,0
Fonticella,genus,8,0,0,0,0,0,0,0
Bacillus clausii KSM-K16,no_rank,8,0,0,0,0,0,12,0
Aggregatibacter,genus,8,0,0,0,0,0,0,0
Alistipes shahii,species,8,7920,25,128,132,80,215,162
Coxiellaceae,family,8,0,0,17,264,1708,0,162
Cyanobacteria,phylum,8,0,25,51,308,47,0,974
Bacteroides ovatus,species,8,0,0,103,0,33,12,0
Brachyspiraceae,family,8,0,544,86,88,1007,3959,0
Rothia,genus,8,0,0,0,0,7,0,0
Brachyspira,genus,8,0,544,86,88,1007,3959,0
Brachyspira sp. NSH-25,species,8,0,544,86,88,1007,3959,0
Corynebacterium jeikeium,species,8,0,101,17,0,0,0,0
Gracilibacteraceae,family,8,0,0,0,0,0,0,0
Bacillus clausii,species,8,0,0,0,0,0,12,0
Pseudomonas sp. CB113,species,8,62085,0,0,0,0,0,0
Pseudomonas,genus,8,63934,25,0,88,7,0,0
Johnsonella ignava,species,8,0,0,0,0,7,12,0
Moraxellaceae,family,8,0,0,17,88,0,12,0
Johnsonella ignava ATCC 51276,no_rank,8,0,0,0,0,7,12,0
Geodermatophilus,genus,8,0,0,0,0,0,0,0
Geodermatophilaceae,family,8,0,0,0,0,0,0,0
Frankineae,suborder,8,0,0,188,88,0,0,0
Clostridium symbiosum WAL-14163,no_rank,8,0,0,17,132,7,0,0
Clostridium symbiosum,species,8,0,0,17,132,7,0,0
environmental samples,no_rank,8,1619,367,239,220,76,55,216
Haemophilus pittmaniae,species,8,0,0,0,0,0,12,0
Clostridiales bacterium oral clone MCE3_9,species,8,0,126,86,0,0,0,0
Dialister micraerophilus,species,8,0,114,0,0,0,0,0
Dialister micraerophilus DSM 19965,no_rank,8,0,114,0,0,0,0,0
Bdellovibrionales,order,8,0,0,51,0,7,0,108
unclassified Clostridiaceae,no_rank,8,0,0,34,0,33,0,0
unclassified Veillonellaceae,no_rank,8,0,51,0,0,0,0,0
Flavobacteriales,order,8,124747,0,564,88,27,0,2218
Flavobacteriia,class,8,124747,38,582,88,27,18,2218
Fibrobacteres,phylum,8,0,0,154,0,203,0,379
Fibrobacteria,class,8,0,0,154,0,203,0,379
Desulfarculales,order,8,0,0,17,0,0,0,0
Eubacterium contortum,species,8,0,0,0,0,7,0,0
Acidimicrobidae,subclass,8,0,0,34,88,0,0,0
Actinomyces odontolyticus,species,8,520,0,0,0,83,0,0
environmental samples,no_rank,8,1619,367,239,220,76,55,216
Bifidobacterium catenulatum,species,8,6532,76,0,0,0,0,0
Clostridiaceae bacterium DJF_VR07,species,8,0,0,34,0,10,0,0
Actinomyces sp. oral clone CT047,species,8,0,0,0,0,7,0,0
Bacteroides ovatus CL03T12C18,no_rank,8,0,0,0,0,0,0,0
Flavobacteriaceae,family,8,124747,0,470,88,27,0,2110
Cellulophaga,genus,8,0,0,0,0,0,0,0
Cellulophaga lytica,species,8,0,0,0,0,0,0,0
Veillonellaceae bacterium canine oral taxon 211,species,8,0,51,0,0,0,0,0
Sporomusa,genus,8,0,0,0,0,33,0,0
Thermoanaerobacterales Family IV. Incertae Sedis,family,8,0,0,0,0,0,0,0
Caldilineales,order,8,0,0,0,0,0,0,0
Caldilineae,class,8,0,0,0,0,0,0,0
Nitrosomonadales,order,8,0,0,43,88,13,104,0
Herbaspirillum lusitanum,species,8,0,0,0,0,0,0,0
Herbaspirillum lusitanum P6-12,no_rank,8,0,0,0,0,0,0,0
Clostridium scindens,species,8,0,0,0,0,136,0,0
Collinsella sp. GD3,species,8,0,0,26,0,37,98,0
Akkermansia muciniphila ATCC BAA-835,no_rank,8,0,0,0,0,0,0,0
Lactobacillus sp. MNFS-3,species,8,0,0,0,0,0,0,0
Cellulophaga lytica DSM 7489,no_rank,8,0,0,0,0,0,0,0
Peptostreptococcus stomatis,species,8,0,0,0,0,0,0,0
Flavobacterium,genus,0,118620,0,0,0,0,0,0
Flavobacterium ceti,species,0,118042,0,0,0,0,0,0
Brevundimonas sp. CmLB14,species,0,36650,0,0,0,0,0,0
unclassified Gammaproteobacteria (miscellaneous),no_rank,0,33181,0,0,0,0,12,0
gamma proteobacterium B3,species,0,32025,0,0,0,0,0,0
Deinococci,class,0,24626,0,0,0,0,0,0
Deinococcus-Thermus,phylum,0,24626,0,0,0,0,0,0
Thermaceae,family,0,24626,0,0,0,0,0,0
Thermales,order,0,24626,0,0,0,0,0,0
Thermus,genus,0,12891,0,0,0,0,0,0
Meiothermus silvanus,species,0,11735,0,0,0,0,0,0
Meiothermus,genus,0,11735,0,0,0,0,0,0
Thermus scotoductus,species,0,10868,0,0,0,0,0,0
Mucilaginibacter sp. BJC16-A6,species,0,7746,0,0,0,0,0,0
Mucilaginibacter,genus,0,7746,0,0,0,0,0,0
Elizabethkingia,genus,0,6128,0,0,0,0,0,0
Elizabethkingia meningoseptica,species,0,6128,0,0,0,0,0,0
butyrate-producing bacterium T2-132,species,0,6012,0,0,2468,9547,0,4112
Achromobacter piechaudii,species,0,3989,0,0,0,0,0,0
Achromobacter,genus,0,3989,0,0,0,0,0,0
Alcaligenaceae,family,0,3989,0,145,0,0,0,0
Agrobacterium,genus,0,3931,0,0,0,0,0,0
Rhizobiaceae,family,0,3931,0,0,0,0,0,0
Agrobacterium tumefaciens complex,species_group,0,3931,0,0,0,0,0,0
Agrobacterium tumefaciens,species,0,3931,0,0,0,0,0,0
Rhizobium/Agrobacterium group,no_rank,0,3931,0,0,0,0,0,0
Sphingobacterium spiritivorum,species,0,3295,0,0,0,0,0,0
Sphingobacterium,genus,0,3295,0,0,0,0,0,0
Pseudomonas sp. Pi 3-58,species,0,1850,0,0,0,0,0,0
Devosia,genus,0,1792,0,0,0,0,0,0
Hydrogenophilaceae,family,0,1734,0,0,0,33,0,0
Hydrogenophilales,order,0,1734,0,68,0,33,0,0
unidentified marine bacterioplankton,species,0,1619,101,26,0,0,0,0
unclassified Pseudomonadales (miscellaneous),no_rank,0,1561,0,0,0,0,12,0
unclassified Pseudomonadales,no_rank,0,1561,0,0,0,0,12,0
Caloramator,genus,0,1503,430,488,0,219,0,0
Rhodococcus,genus,0,1272,0,0,0,0,0,0
rainbow trout intestinal bacterium A110,species,0,1272,0,0,0,0,0,0
unclassified Rhodococcus,no_rank,0,1272,0,0,0,0,0,0
gamma proteobacterium RBE2CD-126,species,0,1156,0,0,0,0,0,0
Ralstonia solanacearum,species,0,1098,0,0,0,0,0,0
Ralstonia,genus,0,1098,0,0,0,0,0,0
unidentified Cytophagales OPB73,species,0,636,0,0,0,0,0,0
butyrate-producing bacterium A1-86,species,0,0,92665,4251,4583,83,104,2759
Clostridium chartatabidum,species,0,0,47129,5157,0,0,0,0
Bifidobacterium adolescentis,species,0,0,19001,667,0,40,12,0
Ruminococcus bromii,species,0,0,16245,26908,15513,22707,4972,11253
Eubacterium siraeum,species,0,0,8495,2455,0,5048,3327,2110
bacterium NLAE-zl-H436,species,0,0,5929,0,0,1625,0,0
Parabacteroides distasonis,species,0,0,5803,2198,1058,2552,3928,3571
Varibaculum,genus,0,0,139,77,0,0,0,0
Varibaculum cambriense,species,0,0,139,77,0,0,0,0
Finegoldia,genus,0,0,126,291,0,0,0,0
Finegoldia magna,species,0,0,126,274,0,0,0,0
Eubacterium siraeum DSM 15702,no_rank,0,0,126,17,0,0,0,0
Clostridium indolis,species,0,0,114,26,0,226,0,108
Dehalogenimonas,genus,0,0,88,0,0,0,0,0
Dehalogenimonas lykanthroporepellens BL-DC-9,no_rank,0,0,88,0,0,0,0,0
Dehalogenimonas lykanthroporepellens,species,0,0,88,0,0,0,0,0
Peptoniphilus,genus,0,0,88,51,0,0,0,0
Corynebacterium amycolatum,species,0,0,88,4636,0,0,0,0
Bacteroides intestinalis DSM 17393,no_rank,0,0,76,60,0,0,0,0
Rubrobacteridae,subclass,0,0,76,0,0,0,37,0
Murdochiella,genus,0,0,63,34,0,0,0,0
unidentified bacterium ZF5,species,0,0,51,0,0,0,0,0
Ruminococcus sp. 25F8,species,0,0,51,0,0,0,0,0
Thermoanaerobacter,genus,0,0,38,0,0,0,0,0
Chitinophagaceae,no_rank,0,0,38,17,0,37,12,0
Peptoniphilus sp. gpac018A,species,0,0,38,0,0,0,0,0
Coprobacillus,genus,0,0,38,0,0,0,0,0
Ignavibacteria,class,0,0,38,68,176,0,0,0
Ignavibacteriae,phylum,0,0,38,68,176,0,0,0
Clostridium botulinum Ba4 str. 657,no_rank,0,0,25,128,0,7,0,0
Clostridium botulinum B,no_rank,0,0,25,128,0,7,0,0
Clostridium botulinum,species,0,0,25,128,0,7,0,0
Peptoniphilus indolicus,species,0,0,25,17,0,0,0,0
Streptococcus sp. S16-08,species,0,0,25,26,0,13,0,0
unclassified Geobacteraceae,no_rank,0,0,25,0,0,0,0,0
Paludibacter,genus,0,0,25,0,0,10,12,0
Bifidobacterium ruminantium,species,0,0,25,505,0,0,0,0
Bifidobacterium adolescentis ATCC 15703,no_rank,0,0,25,171,0,7,0,0
Oceanospirillaceae,family,0,0,25,0,0,0,0,0
Moryella,genus,0,0,25,94,0,50,74,0
Anaerococcus,genus,0,0,25,43,0,0,0,0
Anaerococcus sp. 9402080,species,0,0,25,43,0,0,0,0
Streptococcus sanguinis,species,0,0,25,0,0,7,12,0
Blautia luti,species,0,0,25,0,0,13,0,0
Aerococcaceae,family,0,0,25,17,0,0,0,0
Facklamia,genus,0,0,25,0,0,0,0,0
Facklamia languida,species,0,0,25,0,0,0,0,0
Porphyromonas sp. 2007b,species,0,0,25,0,0,0,0,0
Arthrobacter albus,species,0,0,0,1257,0,0,0,0
Bacillus subtilis group,species_group,0,0,0,573,0,0,12,0
Bacillus amyloliquefaciens,species,0,0,0,573,0,0,0,0
Ectothiorhodospiraceae,family,0,0,0,436,0,47,0,0
Oligella urethralis,species,0,0,0,145,0,0,0,0
Oligella,genus,0,0,0,145,0,0,0,0
Sutterella,genus,0,0,0,145,0,33,74,0
Dysgonomonas,genus,0,0,0,120,0,0,0,0
unclassified Flavobacteriaceae,no_rank,0,0,0,120,0,0,0,0
Fibrobacterales,order,0,0,0,120,0,203,0,0
Haloplasma contractile,species,0,0,0,103,0,0,0,0
Haloplasmataceae,family,0,0,0,103,0,0,0,0
Haloplasma contractile SSD-17B,no_rank,0,0,0,103,0,0,0,0
Haloplasma,genus,0,0,0,103,0,0,0,0
Bacteroides ovatus CL02T12C04,no_rank,0,0,0,103,0,33,12,0
Haloplasmatales,order,0,0,0,103,0,0,0,0
bacterium NLAE-zl-P211,species,0,0,0,103,0,0,0,0
Parascardovia,genus,0,0,0,94,0,0,0,0
Brucellaceae,family,0,0,0,86,0,0,0,0
Brevibacterium massiliense,species,0,0,0,86,0,0,0,0
Pseudochrobactrum,genus,0,0,0,86,0,0,0,0
Eubacterium xylanophilum,species,0,0,0,77,0,0,0,0
sulfur-oxidizing symbionts,no_rank,0,0,0,77,0,0,0,0
Cryomorphaceae,family,0,0,0,77,0,0,0,108
Planococcaceae,family,0,0,0,68,264,7,0,0
Armatimonadetes,phylum,0,0,0,68,220,0,0,0
butyrate-producing bacterium SSC/2,order,0,0,0,60,0,50,0,0
Alkalispirillum,genus,0,0,0,60,0,0,0,0
Flammeovirgaceae,family,0,0,0,60,0,7,25,0
Alteromonadales,order,0,0,0,60,88,20,0,0
Streptococcus thermophilus MN-ZLW-002,no_rank,0,0,0,51,0,93,0,0
Bacteriovoracaceae,family,0,0,0,51,0,0,0,0
Syntrophorhabdaceae,family,0,0,0,43,0,0,0,0
Syntrophobacterales,order,0,0,0,43,88,47,12,0
Bifidobacterium longum DJO10A,no_rank,0,0,0,43,0,33,0,0
unclassified Ectothiorhodospiraceae,no_rank,0,0,0,43,0,0,0,0
Corynebacterium accolens,species,0,0,0,43,0,0,0,0
Corynebacterium accolens ATCC 49725,no_rank,0,0,0,43,0,0,0,0
Gaetbulibacter,genus,0,0,0,34,0,0,0,0
Alteromonadales genera incertae sedis,no_rank,0,0,0,34,0,0,0,0
Puniceicoccales,order,0,0,0,34,0,0,0,0
Puniceicoccaceae,family,0,0,0,34,0,0,0,0
Neisseriales,order,0,0,0,34,0,0,31,108
Thioalkalispiraceae,family,0,0,0,34,0,0,0,0
Chroococcales,order,0,0,0,34,0,0,0,0
Oscillatoriophycideae,subclass,0,0,0,34,0,0,0,108
Marinilabiliaceae,family,0,0,0,34,0,0,0,162
Peptococcus niger,species,0,0,0,34,0,0,0,0
Ruminococcus flavefaciens FD-1,no_rank,0,0,0,34,0,0,0,108
Ruminococcus flavefaciens,species,0,0,0,34,0,0,0,108
Bifidobacterium bifidum,species,0,0,0,26,0,0,0,0
Pontibacter,genus,0,0,0,26,0,0,0,0
Chloroflexaceae,family,0,0,0,26,0,0,0,0
Chloroflexi,class,0,0,0,86,88,37,43,0
Corynebacterium genitalium,species,0,0,0,26,0,0,0,0
Succiniclasticum,genus,0,0,0,26,0,10,0,0
Enterococcaceae,family,0,0,0,26,529,83,0,0
Bifidobacterium bifidum PRL2010,no_rank,0,0,0,26,0,0,0,0
Chloroflexales,order,0,0,0,26,0,0,0,0
Desulfosporosinus meridiei DSM 13257,no_rank,0,0,0,26,0,0,0,0
Anaerofustis,genus,0,0,0,26,0,0,0,0
Halanaerobiaceae,family,0,0,0,26,0,0,0,0
Thermincola potens,species,0,0,0,26,0,0,0,0
Halanaerobiales,order,0,0,0,26,0,0,0,0
Thermincola,genus,0,0,0,26,0,0,0,0
Dorea formicigenerans,species,0,0,0,26,0,0,0,0
Desulfosporosinus meridiei,species,0,0,0,26,0,0,0,0
Desulfosporosinus,genus,0,0,0,26,0,0,0,0
Thermincola potens JR,no_rank,0,0,0,26,0,0,0,0
Piscirickettsiaceae,family,0,0,0,26,220,17,0,0
Sphingomonadales,order,0,0,0,17,0,0,0,0
Desulfurellales,order,0,0,0,17,0,0,0,0
Brevibacterium mcbrellneri,species,0,0,0,17,0,0,0,0
Desulfocella,genus,0,0,0,17,0,0,0,0
Bacteroidetes Order II. Incertae sedis,order,0,0,0,17,0,0,18,0
Eubacterium eligens,species,0,0,0,17,88,23,0,0
Aneurinibacillus group,no_rank,0,0,0,17,0,0,0,0
Corynebacterium pseudotuberculosis CIP 52.97,no_rank,0,0,0,17,0,0,0,0
Corynebacterium pseudotuberculosis,species,0,0,0,17,0,0,0,0
Porphyromonas bennonis,species,0,0,0,17,0,0,0,0
Brevibacterium mcbrellneri ATCC 49030,no_rank,0,0,0,17,0,0,0,0
Methylogaea oryzae JCM 16910,no_rank,0,0,0,17,0,0,0,0
Methylogaea oryzae,species,0,0,0,17,0,0,0,0
Deferribacteraceae,family,0,0,0,17,0,0,0,0
Deferribacterales,order,0,0,0,17,0,0,0,0
Deferribacteres,class,0,0,0,17,0,0,0,0
Deferribacteres,phylum,0,0,0,17,0,0,0,0
Dethiobacter,genus,0,0,0,17,0,0,0,0
Dethiobacter alkaliphilus,species,0,0,0,17,0,0,0,0
Dethiobacter alkaliphilus AHT 1,no_rank,0,0,0,17,0,0,0,0
Solibacteres,class,0,0,0,17,0,0,0,0
Solibacterales,order,0,0,0,17,0,0,0,0
Solibacteraceae,family,0,0,0,17,0,0,0,0
Agrococcus,genus,0,0,0,17,0,0,0,0
Methylogaea,genus,0,0,0,17,0,0,0,0
Peptoniphilus gorbachii,species,0,0,0,17,0,0,0,0
Clostridium saccharolyticum WM1,no_rank,0,0,0,17,0,0,0,0
Clostridium saccharolyticum,species,0,0,0,17,0,0,0,0
Legionella,genus,0,0,0,17,0,0,0,0
Epulopiscium,genus,0,0,0,17,176,0,0,0
Thiomonas,genus,0,0,0,17,0,0,0,0
Niastella,genus,0,0,0,17,0,0,0,0
Marichromatium,genus,0,0,0,17,0,0,0,0
Gemmatimonadetes,phylum,0,0,0,17,0,0,0,0
Epsilonproteobacteria,class,0,0,0,17,132,0,0,0
Micromonosporineae,suborder,0,0,0,17,0,0,0,0
Ruminococcus sp. RLB3,species,0,0,0,17,0,17,0,0
Zetaproteobacteria,class,0,0,0,17,0,0,0,433
Mariprofundales,order,0,0,0,17,0,0,0,433
Mariprofundaceae,family,0,0,0,17,0,0,0,433
bacterium NLAE-zl-H10,species,0,0,0,17,0,0,0,0
Bacteroides vulgatus ATCC 8482,no_rank,0,0,0,17,0,0,0,325
Bacteroides vulgatus,species,0,0,0,17,0,0,0,325
Acetitomaculum,genus,0,0,0,17,0,7,0,0
Campylobacterales,order,0,0,0,17,132,0,0,0
Helicobacteraceae,family,0,0,0,17,0,0,0,0
Ignavibacteriales,order,0,0,0,17,0,0,0,0
unclassified Betaproteobacteria (miscellaneous),no_rank,0,0,0,17,0,10,12,0
unclassified Betaproteobacteria,no_rank,0,0,0,17,0,10,12,0
Ignavibacteriaceae,family,0,0,0,17,0,0,0,0
Parvibacter caecicola,species,0,0,0,17,0,0,0,0
Micromonosporaceae,family,0,0,0,17,0,0,0,0
Brevibacterium massiliense 5401308,no_rank,0,0,0,17,0,0,0,0
Streptococcus pseudoporcinus,species,0,0,0,17,0,0,0,0
Streptococcus pseudoporcinus LQ 940-04,no_rank,0,0,0,17,0,0,0,0
Sphingomonadaceae,family,0,0,0,17,0,0,0,0
Cyanobium,genus,0,0,0,17,0,0,0,0
Sporobacterium,genus,0,0,0,17,0,0,0,0
Desulfitobacterium metallireducens DSM 15288,no_rank,0,0,0,17,0,0,0,0
Desulfitobacterium metallireducens,species,0,0,0,17,0,0,0,0
Desulfitobacterium,genus,0,0,0,17,0,0,0,0
Helicobacter,genus,0,0,0,17,0,0,0,0
Acidaminococcus intestini,species,0,0,0,17,0,0,0,0
Kocuria,genus,0,0,0,17,0,0,0,0
Sinobacteraceae,family,0,0,0,17,0,0,0,0
Caldanaerobacter,genus,0,0,0,17,0,0,0,0
Caldanaerobacter subterraneus,species,0,0,0,17,0,0,0,0
Bacillus amyloliquefaciens XH7,no_rank,0,0,0,17,0,0,0,0
Planifilum,genus,0,0,0,0,749,0,0,0
Thermoactinomycetaceae,family,0,0,0,0,749,0,0,0
Alistipes putredinis,species,0,0,0,0,617,0,0,0
Enterococcus,genus,0,0,0,0,529,83,0,0
Escherichia,genus,0,0,0,0,441,10,25,0
Citrobacter,genus,0,0,0,0,397,0,0,0
Escherichia coli,species,0,0,0,0,353,10,0,0
Salmonella,genus,0,0,0,0,308,0,0,0
Enterococcus mundtii,species,0,0,0,0,308,76,0,0
Salmonella enterica subsp. enterica serovar Agona,no_rank,0,0,0,0,308,0,0,0
Lactobacillus acidophilus,species,0,0,0,0,308,0,0,0
Salmonella enterica subsp. enterica,subspecies,0,0,0,0,308,0,0,0
Salmonella enterica,species,0,0,0,0,308,0,0,0
Bacteroides sp. 35BE35,species,0,0,0,0,264,0,0,0
Collinsella aerofaciens,species,0,0,0,0,264,0,0,0
Thiomicrospira,genus,0,0,0,0,220,0,0,0
Shigella flexneri,species,0,0,0,0,176,0,0,0
Shigella,genus,0,0,0,0,176,0,0,0
Pantoea dispersa,species,0,0,0,0,176,0,0,0
Prochlorococcaceae,family,0,0,0,0,132,0,0,0
Enterobacter sp. A7,species,0,0,0,0,132,0,0,0
Prochlorales,order,0,0,0,0,132,0,0,0
"ant, tsetse, mealybug, aphid, etc. endosymbionts",no_rank,0,0,0,0,132,0,0,0
unclassified Enterobacteriaceae,no_rank,0,0,0,0,132,0,0,0
Campylobacteraceae,family,0,0,0,0,132,0,0,0
lice endosymbionts,no_rank,0,0,0,0,132,0,0,0
Aeromonadaceae,family,0,0,0,0,88,0,0,0
Aeromonadales,order,0,0,0,0,88,0,0,0
Pseudomonas putida group,species_group,0,0,0,0,88,0,0,0
Bacteroides sp. Smarlab 3302398,species,0,0,0,0,88,0,0,0
Aeromonas,genus,0,0,0,0,88,0,0,0
Hyphomonadaceae,family,0,0,0,0,88,13,0,0
Thiothrix,genus,0,0,0,0,88,0,0,0
Nitrosomonadaceae,family,0,0,0,0,88,0,0,0
Enterococcus gilvus,species,0,0,0,0,88,0,0,0
Virgibacillus,genus,0,0,0,0,88,0,0,0
Nitrosomonas,genus,0,0,0,0,88,0,0,0
Fusobacteria,phylum,0,0,0,0,88,0,0,0
Slackia,genus,0,0,0,0,88,10,0,0
Slackia sp. NATTS,species,0,0,0,0,88,0,0,0
root,root,0,0,0,0,0,1028609,1009839,1009900
Cellvibrio,genus,0,0,0,0,0,7,0,0
Methylobacterium,genus,0,0,0,0,0,415,0,0
Methylomonas,genus,0,0,0,0,0,66,0,0
Flexibacter,genus,0,0,0,0,0,7,12,0
Leuconostoc,genus,0,0,0,0,0,23,0,0
Leuconostoc mesenteroides,species,0,0,0,0,0,23,0,0
Streptococcus gordonii,species,0,0,0,0,0,7,0,0
Streptococcus parasanguinis,species,0,0,0,0,0,10,0,0
Lactococcus lactis subsp. cremoris,subspecies,0,0,0,0,0,7,0,0
Lactobacillus plantarum,species,0,0,0,0,0,23,0,0
[Eubacterium] tenue,species,0,0,0,0,0,7,0,0
Archaea,superkingdom,0,0,0,0,0,24943,2296,2272
Methanobacteriales,order,0,0,0,0,0,24681,2173,1461
Methanobacteriaceae,family,0,0,0,0,0,24681,2173,1461
Methanobrevibacter,genus,0,0,0,0,0,24674,2173,1461
Methanobrevibacter smithii,species,0,0,0,0,0,24634,2173,1298
Viruses,superkingdom,0,0,0,0,0,17,0,0
Siphoviridae,family,0,0,0,0,0,17,0,0
unclassified sequences,no_rank,0,0,0,0,0,3649,7543,7628
Caudovirales,order,0,0,0,0,0,17,0,0
Euryarchaeota,phylum,0,0,0,0,0,24943,2296,2272
Burkholderia,genus,0,0,0,0,0,17,12,108
Aquificales,order,0,0,0,0,0,7,0,0
unidentified,no_rank,0,0,0,0,0,33,0,108
[Ruminococcus] torques,species,0,0,0,0,0,7,0,0
unclassified Firmicutes sensu stricto,no_rank,0,0,0,0,0,7,0,0
"dsDNA viruses, no RNA stage",no_rank,0,0,0,0,0,17,0,0
Clostridium saccharoperbutylacetonicum,species,0,0,0,0,0,7,0,0
unclassified Bacteroidetes (miscellaneous),no_rank,0,0,0,0,0,10,0,0
Granulicatella adiacens,species,0,0,0,0,0,7,0,0
Weissella,genus,0,0,0,0,0,7,0,0
Psychroserpens,genus,0,0,0,0,0,13,0,0
Chryseobacterium,genus,0,0,0,0,0,13,0,0
unidentified rumen bacterium RC15,species,0,0,0,0,0,7,0,0
Corynebacterium durum,species,0,0,0,0,0,7,0,0
unidentified rumen bacterium RFN33,species,0,0,0,0,0,13,0,0
Leuconostocaceae,family,0,0,0,0,0,30,0,0
unclassified Firmicutes sensu stricto (miscellaneous),no_rank,0,0,0,0,0,7,0,0
Bacteroides acidifaciens,species,0,0,0,0,0,20,0,0
Saprospiraceae,family,0,0,0,0,0,7,0,0
Granulicatella,genus,0,0,0,0,0,7,0,0
Methylobacteriaceae,family,0,0,0,0,0,415,0,0
Salana,genus,0,0,0,0,0,7,0,0
Beutenbergiaceae,family,0,0,0,0,0,7,0,0
cellular organisms,no_rank,0,0,0,0,0,1024943,1002296,1002272
Lactobacillus prophage Lj928,species,0,0,0,0,0,17,0,0
[Eubacterium] sulci,species,0,0,0,0,0,7,0,0
Cellvibrio japonicus,species,0,0,0,0,0,7,0,0
Reichenbachiella,genus,0,0,0,0,0,7,0,0
Jeotgalibacillus,genus,0,0,0,0,0,7,0,0
unclassified Bacteroidetes,no_rank,0,0,0,0,0,17,0,0
Methanobacteria,class,0,0,0,0,0,24681,2173,1461
Aquificae,class,0,0,0,0,0,7,0,0
unclassified Siphoviridae,no_rank,0,0,0,0,0,17,0,0
Aquificae,phylum,0,0,0,0,0,7,0,0
Syntrophaceae,family,0,0,0,0,0,47,0,0
Hydrogenothermaceae,family,0,0,0,0,0,7,0,0
Methanomicrobia,class,0,0,0,0,0,263,123,703
Halothiobacillaceae,family,0,0,0,0,0,7,0,0
metagenome,no_rank,0,0,0,0,0,1150,135,108
Streptococcus pseudopneumoniae,species,0,0,0,0,0,33,12,0
Catabacter,genus,0,0,0,0,0,7,0,0
Catabacter hongkongensis,species,0,0,0,0,0,7,0,0
Pontibacillus,genus,0,0,0,0,0,13,0,0
Anaerolineae,class,0,0,0,0,0,37,12,0
Anaerolineales,order,0,0,0,0,0,37,12,0
Anaerostipes sp. IE4,species,0,0,0,0,0,7,0,0
Bacteroides dorei,species,0,0,0,0,0,7,0,0
Lysinibacillus,genus,0,0,0,0,0,10,0,0
Clostridiales bacterium A2-162,species,0,0,0,0,0,7,0,0
metagenomes,no_rank,0,0,0,0,0,1814,902,541
human gut metagenome,no_rank,0,0,0,0,0,665,755,325
organismal metagenomes,no_rank,0,0,0,0,0,665,755,325
Ruminococcus torques ATCC 27756,no_rank,0,0,0,0,0,7,0,0
Lactococcus lactis subsp. cremoris MG1363,no_rank,0,0,0,0,0,7,0,0
Catabacteriaceae,family,0,0,0,0,0,7,0,0
Ruminococcus gauvreauii,species,0,0,0,0,0,7,0,0
unclassified Rhodospirillales,no_rank,0,0,0,0,0,7,0,0
unclassified Methanomicrobia,no_rank,0,0,0,0,0,263,123,703
Eggerthella lenta DSM 2243,no_rank,0,0,0,0,0,23,0,0
Cellvibrio japonicus Ueda107,no_rank,0,0,0,0,0,7,0,0
Holophagae,class,0,0,0,0,0,7,12,0
Holophagales,order,0,0,0,0,0,7,0,0
Bacteroides oleiciplenus,species,0,0,0,0,0,7,55,0
Spongiibacter,genus,0,0,0,0,0,7,0,0
Bacteroides sp. TP-5,species,0,0,0,0,0,27,92,0
Lachnospiraceae bacterium 2_1_58FAA,species,0,0,0,0,0,23,18,0
Lachnospiraceae bacterium 1_4_56FAA,species,0,0,0,0,0,37,0,0
Peptoclostridium difficile BI1,no_rank,0,0,0,0,0,10,0,0
Bacteroides oleiciplenus YIT 12058,no_rank,0,0,0,0,0,7,55,0
Streptococcus parasanguinis ATCC 15912,no_rank,0,0,0,0,0,10,0,0
Methanobrevibacter smithii TS146A,no_rank,0,0,0,0,0,13,0,0
Clostridium saccharoperbutylacetonicum N1-4(HMT),no_rank,0,0,0,0,0,7,0,0
Acidiferrobacter,genus,0,0,0,0,0,47,0,0
Candidatus Riegeria,genus,0,0,0,0,0,7,0,0
Methanomassiliicoccus,genus,0,0,0,0,0,263,123,703
Methanomassiliicoccus luminyensis,species,0,0,0,0,0,183,123,703
bacterium NLAE-zl-P872,species,0,0,0,0,0,23,0,0
Methanomassiliicoccus luminyensis B10,no_rank,0,0,0,0,0,183,123,703
Clostridiales bacterium RM3,species,0,0,0,0,0,7,37,0
Candidatus Soleaferrea massiliensis AP7,no_rank,0,0,0,0,0,7,0,0
Clostridium saccharoperbutylacetonicum N1-4,no_rank,0,0,0,0,0,7,0,0
Candidatus Soleaferrea,genus,0,0,0,0,0,7,0,0
Candidatus Soleaferrea massiliensis,species,0,0,0,0,0,7,0,0
Neisseriaceae,family,0,0,0,0,0,0,31,0
Yersinia,genus,0,0,0,0,0,0,12,0
Yersinia enterocolitica,species,0,0,0,0,0,0,12,0
Butyrivibrio fibrisolvens,species,0,0,0,0,0,0,25,0
Syntrophomonas,genus,0,0,0,0,0,0,12,0
Desulfovibrio desulfuricans,species,0,0,0,0,0,0,12,0
Lactobacillus sakei,species,0,0,0,0,0,0,12,0
Bifidobacterium dentium,species,0,0,0,0,0,0,12,0
Syntrophobacter,genus,0,0,0,0,0,0,12,0
Desulfovibrio simplex,species,0,0,0,0,0,0,18,0
Microgenomates,phylum,0,0,0,0,0,0,12,0
Mesorhizobium,genus,0,0,0,0,0,0,12,0
Phyllobacteriaceae,family,0,0,0,0,0,0,12,0
Syntrophobacter fumaroxidans,species,0,0,0,0,0,0,12,0
Yersinia enterocolitica subsp. palearctica,subspecies,0,0,0,0,0,0,12,0
Shuttleworthia,genus,0,0,0,0,0,0,12,0
Desulfobulbaceae,family,0,0,0,0,0,0,18,0
Syntrophobacteraceae,family,0,0,0,0,0,0,12,0
Bacteroides cellulosilyticus,species,0,0,0,0,0,0,18,433
Veillonella rodentium,species,0,0,0,0,0,0,12,0
Veillonella sp. oral clone VeillE3,species,0,0,0,0,0,0,12,0
Syntrophobacter fumaroxidans MPOB,no_rank,0,0,0,0,0,0,12,0
ecological metagenomes,no_rank,0,0,0,0,0,0,12,108
Bacteroides cellulosilyticus DSM 14838,no_rank,0,0,0,0,0,0,18,433
Thermoanaerobacterales Family III. Incertae Sedis,family,0,0,0,0,0,0,12,0
Rhodothermaceae,family,0,0,0,0,0,0,18,0
Clostridium sp. AG07-1,species,0,0,0,0,0,0,12,0
Escherichia sp. P14,species,0,0,0,0,0,0,25,0
Burkholderia kururiensis,species,0,0,0,0,0,0,12,0
Yersinia enterocolitica subsp. palearctica 105.5R(r),no_rank,0,0,0,0,0,0,12,0
Nitrospinae,phylum,0,0,0,0,0,0,12,0
Nitrospinia,class,0,0,0,0,0,0,12,0
Nitrospinales,order,0,0,0,0,0,0,12,0
Thermoplasmata,class,0,0,0,0,0,0,0,108
Oscillatoriales,order,0,0,0,0,0,0,0,108
Gallionellaceae,family,0,0,0,0,0,0,0,108
Gallionellales,order,0,0,0,0,0,0,0,108
Pleurocapsales,order,0,0,0,0,0,0,0,487
Acholeplasmataceae,family,0,0,0,0,0,0,0,108
Acholeplasmatales,order,0,0,0,0,0,0,0,108
Xylophilus,genus,0,0,0,0,0,0,0,162